player,minute,second,team,location,shot_outcome,shot_statsbomb_xg,shot_end_location
Granit Xhaka,0,18,Switzerland,"[96.0, 38.8]",Blocked,0.036565553,"[108.2, 38.5]"
Breel-Donald Embolo,0,22,Switzerland,"[113.1, 40.7]",Saved,0.35328916,"[114.8, 40.6, 1.6]"
Granit Xhaka,0,23,Switzerland,"[103.8, 41.9]",Saved,0.06952749,"[115.5, 39.1, 1.0]"
Nikola Milenković,4,35,Serbia,"[112.2, 36.8]",Off T,0.08160872,"[120.0, 35.3, 3.5]"
Andrija Živković,10,5,Serbia,"[97.8, 51.5]",Post,0.030001678,"[120.0, 36.1, 0.6]"
Dušan Vlahović,10,7,Serbia,"[115.4, 38.6]",Saved,0.5168786,"[118.1, 39.1, 1.0]"
Remo Freuler,13,35,Switzerland,"[107.8, 35.9]",Blocked,0.09611784,"[113.3, 34.4]"
Xherdan Shaqiri,19,11,Switzerland,"[107.5, 50.6]",Goal,0.06969889,"[120.0, 43.1, 0.2]"
Granit Xhaka,21,11,Switzerland,"[97.3, 33.7]",Saved,0.04476528,"[116.9, 38.7, 0.2]"
Dušan Vlahović,22,15,Serbia,"[109.6, 35.4]",Saved,0.08628477,"[118.4, 38.7, 1.4]"
Aleksandar Mitrović,25,56,Serbia,"[108.3, 38.6]",Goal,0.06371751,"[120.0, 43.3, 0.9]"
Xherdan Shaqiri,29,53,Switzerland,"[107.7, 49.2]",Off T,0.3934682,"[120.0, 44.5, 0.6]"
Dušan Vlahović,34,28,Serbia,"[106.2, 31.8]",Goal,0.15928414,"[120.0, 43.7, 0.0]"
Ruben Vargas,37,26,Switzerland,"[101.0, 47.3]",Blocked,0.0683221,"[105.9, 45.2]"
Breel-Donald Embolo,43,41,Switzerland,"[114.4, 36.9]",Goal,0.72697556,"[120.0, 37.8, 0.6]"
Aleksandar Mitrović,47,38,Serbia,"[101.7, 33.7]",Wayward,0.056521177,"[105.3, 37.4]"
Remo Freuler,47,38,Switzerland,"[107.2, 41.2]",Goal,0.15381548,"[120.0, 42.7, 0.6]"
Fabian Lukas Schär,56,32,Switzerland,"[110.7, 30.5]",Blocked,0.07925899,"[114.1, 35.7]"
Breel-Donald Embolo,56,33,Switzerland,"[116.1, 39.3]",Off T,0.6647709,"[120.0, 38.8, 3.8]"
Dušan Tadić,60,6,Serbia,"[107.4, 31.7]",Off T,0.061684445,"[120.0, 37.1, 4.1]"
Aleksandar Mitrović,70,49,Serbia,"[106.2, 25.8]",Blocked,0.03203667,"[107.5, 27.4]"
Luka Jović,72,0,Serbia,"[102.2, 43.2]",Blocked,0.02594082,"[103.1, 43.1]"
Manuel Obafemi Akanji,81,58,Switzerland,"[99.4, 52.7]",Off T,0.030122569,"[120.0, 44.9, 2.3]"
Christian Fassnacht,88,48,Switzerland,"[105.3, 28.9]",Saved,0.31681746,"[107.0, 30.1, 0.0]"
Luka Jović,91,50,Serbia,"[105.0, 39.8]",Off T,0.03223471,"[120.0, 37.1, 4.1]"
Nemanja Radonjić,99,51,Serbia,"[105.7, 51.3]",Off T,0.042810295,"[120.0, 45.2, 0.6]"
Alejandro Darío Gómez,16,29,Argentina,"[98.2, 20.1]",Off T,0.011147299,"[120.0, 47.5, 7.1]"
Harry Souttar,28,9,Australia,"[111.9, 44.0]",Blocked,0.06809473,"[114.0, 40.9]"
Lionel Andrés Messi Cuccittini,34,35,Argentina,"[104.2, 48.9]",Goal,0.06663833,"[120.0, 37.1, 0.3]"
Lionel Andrés Messi Cuccittini,49,59,Argentina,"[99.8, 38.5]",Saved,0.04517154,"[116.9, 40.0, 0.6]"
Julián Álvarez,56,41,Argentina,"[110.4, 50.3]",Goal,0.28060678,"[120.0, 36.5, 0.3]"
Lionel Andrés Messi Cuccittini,65,50,Argentina,"[95.4, 33.6]",Off T,0.032841697,"[120.0, 31.6, 6.2]"
Nicolás Alejandro Tagliafico,74,43,Argentina,"[103.2, 24.9]",Off T,0.05181273,"[120.0, 49.6, 0.3]"
Craig Goodwin,76,9,Australia,"[98.2, 22.6]",Blocked,0.013616442,"[104.9, 26.6]"
Aziz Eraltay Behich,80,8,Australia,"[110.6, 33.2]",Blocked,0.07721693,"[111.4, 33.7]"
Ajdin Hrustic,80,41,Australia,"[100.0, 52.7]",Off T,0.033247408,"[120.0, 36.2, 3.8]"
Lautaro Javier Martínez,87,15,Argentina,"[108.3, 52.3]",Off T,0.051439364,"[120.0, 30.0, 0.2]"
Lautaro Javier Martínez,88,11,Argentina,"[107.6, 31.9]",Off T,0.24890411,"[120.0, 45.1, 5.4]"
Lautaro Javier Martínez,92,10,Argentina,"[109.1, 31.8]",Saved,0.37209997,"[114.1, 35.9, 0.5]"
Lionel Andrés Messi Cuccittini,92,50,Argentina,"[104.6, 52.2]",Off T,0.055600196,"[120.0, 36.5, 4.0]"
Exequiel Alejandro Palacios,93,43,Argentina,"[103.6, 50.1]",Blocked,0.046685893,"[107.3, 47.9]"
Lionel Andrés Messi Cuccittini,93,54,Argentina,"[102.2, 40.0]",Blocked,0.032042325,"[103.5, 39.9]"
Lautaro Javier Martínez,93,59,Argentina,"[108.3, 30.8]",Saved,0.076142184,"[119.1, 36.6, 0.2]"
Lionel Andrés Messi Cuccittini,94,0,Argentina,"[106.4, 37.0]",Wayward,0.110446885,"[120.0, 53.8]"
Garang Kuol,96,36,Australia,"[113.1, 49.4]",Saved,0.23394231,"[115.7, 46.4, 1.2]"
Riley McGree,2,29,Australia,"[94.6, 46.6]",Blocked,0.038979717,"[102.9, 44.5]"
Jesper Lindstrøm,10,0,Denmark,"[110.1, 43.9]",Blocked,0.09599891,"[111.1, 43.6]"
Mathias Jensen,10,52,Denmark,"[112.7, 56.3]",Saved,0.019605601,"[117.7, 45.4, 2.4]"
Andreas Skov Olsen,13,33,Denmark,"[104.7, 50.7]",Off T,0.10059545,"[120.0, 45.1, 5.0]"
Riley McGree,21,44,Australia,"[101.3, 59.0]",Saved,0.010740947,"[117.5, 42.9, 2.3]"
Andreas Skov Olsen,24,7,Denmark,"[109.6, 50.5]",Saved,0.09373255,"[116.4, 44.4, 0.4]"
Christian Dannemann Eriksen,28,36,Denmark,"[102.9, 25.6]",Off T,0.035615563,"[120.0, 33.5, 0.2]"
Mitchell Thomas Duke,31,33,Australia,"[102.5, 36.7]",Saved,0.037495814,"[118.4, 41.7, 1.8]"
Mitchell Thomas Duke,40,57,Australia,"[98.3, 20.9]",Saved,0.010397313,"[119.0, 37.3, 0.5]"
Aziz Eraltay Behich,46,10,Australia,"[100.2, 34.1]",Blocked,0.049681988,"[111.5, 39.6]"
Jackson Irvine,47,47,Australia,"[109.6, 30.8]",Off T,0.17342122,"[120.0, 42.8, 5.6]"
Andreas Skov Olsen,51,59,Denmark,"[107.2, 52.9]",Blocked,0.046983063,"[108.6, 51.2]"
Mathew Leckie,59,56,Australia,"[105.7, 31.5]",Goal,0.11353828,"[120.0, 43.5, 0.2]"
Andreas Skov Olsen,68,4,Denmark,"[103.1, 49.3]",Blocked,0.070518844,"[107.1, 46.3]"
Joachim Andersen,68,39,Denmark,"[113.9, 52.3]",Off T,0.020115681,"[120.0, 47.1, 5.8]"
Alexander Hartmann Bah,76,24,Denmark,"[99.4, 54.5]",Blocked,0.019515881,"[101.1, 53.5]"
Kasper Dolberg,76,25,Denmark,"[105.2, 39.6]",Saved,0.049264465,"[116.8, 38.4, 1.2]"
Jesper Lindstrøm,81,19,Denmark,"[97.5, 38.2]",Blocked,0.048889678,"[103.5, 38.7]"
Keanu Baccus,84,55,Australia,"[97.7, 47.5]",Blocked,0.035468098,"[100.3, 46.8]"
Alexander Hartmann Bah,87,30,Denmark,"[108.6, 57.0]",Off T,0.03670106,"[120.0, 46.5, 2.6]"
Kasper Dolberg,94,11,Denmark,"[117.6, 33.5]",Saved,0.08217044,"[118.4, 35.2, 1.2]"
Andreas Evald Cornelius,94,59,Denmark,"[116.6, 51.6]",Off T,0.017447446,"[120.0, 41.0, 3.5]"
Neymar da Silva Santos Junior,12,53,Brazil,"[119.2, 0.7]",Saved,0.00018,"[119.7, 38.7, 2.4]"
Neymar da Silva Santos Junior,20,6,Brazil,"[91.6, 29.2]",Blocked,0.020173745,"[104.9, 34.5]"
Carlos Henrique Casimiro,20,51,Brazil,"[84.3, 34.2]",Saved,0.0075366697,"[117.8, 39.9, 1.7]"
Raphael Dias Belloli,34,7,Brazil,"[105.3, 49.2]",Saved,0.119197816,"[117.7, 41.9, 0.5]"
Filip Mladenović,36,12,Serbia,"[113.6, 28.9]",Off T,0.026318645,"[120.0, 33.6, 4.0]"
Vinícius José Paixão de Oliveira Júnior,40,38,Brazil,"[113.2, 27.0]",Off T,0.09814694,"[120.0, 34.3, 1.5]"
Raphael Dias Belloli,45,35,Brazil,"[105.9, 47.3]",Saved,0.4224228,"[108.8, 45.7, 0.5]"
Neymar da Silva Santos Junior,49,57,Brazil,"[99.1, 27.0]",Blocked,0.06281959,"[107.6, 32.5]"
Thiago Emiliano da Silva,50,21,Brazil,"[113.1, 34.1]",Blocked,0.06673048,"[113.7, 34.7]"
Richarlison de Andrade,50,23,Brazil,"[115.8, 29.3]",Blocked,0.0399856,"[116.6, 31.1]"
Danilo Luiz da Silva,53,16,Brazil,"[95.9, 54.2]",Wayward,0.016877638,"[108.0, 39.9]"
Neymar da Silva Santos Junior,54,39,Brazil,"[107.5, 38.9]",Off T,0.11246919,"[120.0, 34.3, 2.7]"
Alex Sandro Lobo Silva,59,25,Brazil,"[88.0, 32.0]",Post,0.021819543,"[120.0, 36.1, 0.7]"
Vinícius José Paixão de Oliveira Júnior,59,36,Brazil,"[105.0, 20.1]",Off T,0.009459062,"[120.0, 49.0, 4.0]"
Vinícius José Paixão de Oliveira Júnior,61,57,Brazil,"[110.0, 26.9]",Saved,0.07986015,"[118.8, 39.3, 0.2]"
Richarlison de Andrade,61,58,Brazil,"[114.5, 41.8]",Goal,0.568145,"[120.0, 41.7, 0.2]"
Vinícius José Paixão de Oliveira Júnior,66,46,Brazil,"[109.1, 28.2]",Off T,0.14253756,"[120.0, 29.1, 3.7]"
Strahinja Pavlović,68,34,Serbia,"[111.8, 38.5]",Off T,0.098937765,"[120.0, 42.7, 4.5]"
Darko Lazović,69,54,Serbia,"[95.6, 50.9]",Off T,0.018288644,"[120.0, 48.9, 5.3]"
Richarlison de Andrade,72,54,Brazil,"[107.1, 39.6]",Goal,0.07569885,"[120.0, 37.0, 0.9]"
Carlos Henrique Casimiro,76,48,Brazil,"[86.3, 31.2]",Blocked,0.010592449,"[87.2, 31.4]"
Carlos Henrique Casimiro,80,52,Brazil,"[98.1, 35.2]",Post,0.06218912,"[120.0, 43.1, 2.8]"
Rodrygo Silva de Goes,81,32,Brazil,"[98.8, 27.3]",Saved,0.03669105,"[117.4, 40.1, 0.5]"
Frederico Rodrigues Santos,82,32,Brazil,"[95.6, 43.5]",Saved,0.088970646,"[113.3, 39.4, 0.9]"
Nikola Milenković,84,22,Serbia,"[99.3, 59.6]",Blocked,0.011090157,"[106.1, 53.2]"
Rodrygo Silva de Goes,86,7,Brazil,"[101.5, 30.6]",Off T,0.051727816,"[120.0, 43.2, 5.9]"
Antony Matheus dos Santos,87,49,Brazil,"[99.4, 59.1]",Off T,0.009657804,"[120.0, 35.7, 5.7]"
Nemanja Radonjić,97,3,Serbia,"[93.8, 21.5]",Blocked,0.008691933,"[99.7, 25.5]"
Fran Karačić,5,35,Australia,"[90.9, 41.2]",Blocked,0.015131147,"[91.8, 41.1]"
Mohamed Dräger,20,20,Tunisia,"[92.0, 42.5]",Off T,0.029703999,"[120.0, 40.4, 4.9]"
Mitchell Thomas Duke,22,50,Australia,"[110.1, 32.5]",Goal,0.04459479,"[120.0, 43.6, 0.4]"
Mitchell Thomas Duke,26,6,Australia,"[110.7, 34.3]",Blocked,0.03948435,"[111.4, 34.8]"
Jackson Irvine,33,45,Australia,"[114.3, 48.2]",Off T,0.07543106,"[120.0, 47.2, 0.3]"
Youssef Msakni,37,17,Tunisia,"[102.8, 54.8]",Blocked,0.031703874,"[105.9, 52.9]"
Mohamed Dräger,40,6,Tunisia,"[109.2, 48.4]",Blocked,0.21984866,"[114.8, 44.3]"
Mitchell Thomas Duke,43,4,Australia,"[104.9, 40.6]",Saved,0.040856346,"[117.2, 39.4, 1.0]"
Fran Karačić,43,38,Australia,"[106.4, 54.9]",Blocked,0.035070673,"[109.0, 51.9]"
Fran Karačić,45,44,Australia,"[87.2, 52.2]",Wayward,0.0052714557,"[120.0, 18.8]"
Youssef Msakni,47,16,Tunisia,"[111.0, 45.5]",Off T,0.23484555,"[120.0, 45.2, 1.2]"
Mitchell Thomas Duke,56,17,Australia,"[107.3, 39.8]",Wayward,0.06400663,"[115.1, 1.2]"
Ferjani Sassi,60,25,Tunisia,"[91.2, 52.7]",Off T,0.020219443,"[120.0, 47.8, 4.2]"
Youssef Msakni,65,18,Tunisia,"[101.8, 31.8]",Blocked,0.058604978,"[105.8, 34.1]"
Youssef Msakni,71,22,Tunisia,"[108.1, 25.0]",Saved,0.026706748,"[117.5, 36.2, 1.2]"
Youssef Msakni,71,50,Tunisia,"[95.6, 42.2]",Saved,0.048467197,"[116.7, 41.3, 1.1]"
Aaron Mooy,73,15,Australia,"[95.6, 44.1]",Off T,0.039191317,"[120.0, 43.7, 3.4]"
Youssef Msakni,74,6,Tunisia,"[110.1, 38.0]",Off T,0.10262261,"[120.0, 35.2, 5.5]"
Montassar Omar Talbi,83,13,Tunisia,"[89.6, 34.9]",Saved,0.012159805,"[118.2, 40.0, 1.3]"
Taha Yassine Khenissi,85,32,Tunisia,"[98.4, 54.6]",Blocked,0.012915949,"[99.2, 54.1]"
Naïm Sliti,86,36,Tunisia,"[109.8, 47.4]",Blocked,0.1403044,"[111.5, 45.5]"
Wahbi Khazri,87,48,Tunisia,"[109.9, 49.4]",Saved,0.09264534,"[116.7, 43.7, 0.8]"
Wahbi Khazri,91,46,Tunisia,"[108.4, 24.1]",Blocked,0.021421792,"[109.2, 25.2]"
Idrissa Gana Gueye,2,43,Senegal,"[106.9, 45.7]",Off T,0.21271749,"[120.0, 45.0, 1.5]"
Boulaye Dia,7,47,Senegal,"[109.3, 51.9]",Off T,0.16839646,"[120.0, 33.3, 0.2]"
Enner Remberto Valencia Lastra,9,51,Ecuador,"[86.9, 40.9]",Blocked,0.021615954,"[104.7, 40.3]"
Enner Remberto Valencia Lastra,9,58,Ecuador,"[95.9, 37.7]",Blocked,0.02803523,"[106.4, 39.9]"
Ismaïla Sarr,10,52,Senegal,"[99.2, 40.2]",Blocked,0.042373266,"[104.2, 40.6]"
Iliman Ndiaye,11,53,Senegal,"[99.7, 52.9]",Off T,0.02889044,"[120.0, 33.7, 3.1]"
Ismaïla Sarr,23,37,Senegal,"[104.1, 25.5]",Blocked,0.023828069,"[104.8, 26.2]"
Pape Gueye,24,20,Senegal,"[93.0, 36.3]",Blocked,0.025696881,"[105.8, 39.5]"
Abdou Diallo,24,27,Senegal,"[107.9, 41.9]",Wayward,0.035411544,"[118.5, 44.7]"
Pathé Ismaël Ciss,36,31,Senegal,"[108.1, 33.6]",Off T,0.03057826,"[120.0, 41.1, 4.4]"
Ismaïla Sarr,43,41,Senegal,"[108.0, 40.0]",Goal,0.7835,"[120.0, 43.4, 0.2]"
Iliman Ndiaye,46,31,Senegal,"[107.3, 46.7]",Blocked,0.04522632,"[108.0, 46.2]"
José Adoni Cifuentes Charcopa,48,26,Ecuador,"[93.8, 51.3]",Saved,0.025271386,"[117.7, 42.5, 0.2]"
Michael Steveen Estrada Martínez,56,59,Ecuador,"[106.7, 38.8]",Off T,0.042533338,"[120.0, 31.1, 0.7]"
Felix Eduardo Torres Caicedo,66,57,Ecuador,"[113.7, 42.7]",Wayward,0.15397952,"[117.0, 36.2]"
Moisés Isaac Caicedo Corozo,66,58,Ecuador,"[117.2, 35.6]",Goal,0.5894187,"[120.0, 36.9, 0.1]"
Kalidou Koulibaly,69,30,Senegal,"[114.3, 46.0]",Goal,0.23427999,"[120.0, 38.2, 1.3]"
Gonzalo Jordy Plata Jiménez,75,48,Ecuador,"[107.0, 42.8]",Saved,0.058988493,"[117.9, 40.6, 0.5]"
Boulaye Dia,81,53,Senegal,"[101.3, 54.6]",Off T,0.04455093,"[120.0, 45.1, 1.6]"
Pape Gueye,87,46,Senegal,"[102.6, 54.8]",Saved,0.03201506,"[116.1, 44.0, 0.9]"
Jeremy Leonel Sarmiento Morante,88,59,Ecuador,"[105.3, 32.1]",Saved,0.02928531,"[117.3, 40.5, 1.9]"
Jackson Gabriel Porozo Vernaza,93,53,Ecuador,"[105.9, 34.3]",Off T,0.052534856,"[120.0, 51.5, 0.7]"
Rodrigo Javier De Paul,4,33,Argentina,"[101.6, 53.3]",Blocked,0.02377054,"[110.4, 47.2]"
Lionel Andrés Messi Cuccittini,21,36,Argentina,"[96.6, 50.3]",Off T,0.037832856,"[120.0, 35.7, 4.5]"
Steven Bergwijn,23,42,Netherlands,"[101.6, 32.9]",Off T,0.089517,"[120.0, 53.2, 0.6]"
Rodrigo Javier De Paul,32,39,Argentina,"[97.6, 42.3]",Saved,0.049762752,"[118.0, 41.6, 0.6]"
Nahuel Molina Lucero,34,4,Argentina,"[109.1, 42.4]",Goal,0.43442267,"[120.0, 36.5, 0.2]"
Lionel Andrés Messi Cuccittini,39,9,Argentina,"[104.0, 32.2]",Saved,0.03387043,"[118.1, 39.1, 0.2]"
Lionel Andrés Messi Cuccittini,62,29,Argentina,"[96.0, 33.3]",Off T,0.07608311,"[120.0, 43.7, 3.3]"
Lionel Andrés Messi Cuccittini,72,39,Argentina,"[108.0, 40.0]",Goal,0.7835,"[120.0, 43.3, 1.4]"
Wout Weghorst,82,17,Netherlands,"[108.7, 46.4]",Goal,0.047416847,"[120.0, 37.2, 1.9]"
Steven Berghuis,84,33,Netherlands,"[104.6, 53.3]",Blocked,0.032538008,"[107.9, 51.8]"
Denzel Dumfries,89,35,Netherlands,"[113.5, 52.9]",Off T,0.047394842,"[120.0, 51.7, 0.9]"
Steven Berghuis,92,12,Netherlands,"[97.2, 37.9]",Blocked,0.08017064,"[106.6, 37.8]"
Wout Weghorst,100,32,Netherlands,"[111.8, 39.9]",Goal,0.21959315,"[120.0, 42.2, 0.2]"
Lionel Andrés Messi Cuccittini,109,18,Argentina,"[101.1, 53.3]",Off T,0.035418287,"[120.0, 34.4, 4.9]"
Luuk de Jong,112,14,Netherlands,"[110.9, 28.4]",Blocked,0.05290734,"[112.1, 29.8]"
Lautaro Javier Martínez,113,47,Argentina,"[109.5, 45.9]",Blocked,0.2245604,"[114.6, 44.7]"
Enzo Fernandez,114,54,Argentina,"[94.2, 43.8]",Blocked,0.032085553,"[103.1, 41.9]"
Germán Alejandro Pezzella,115,53,Argentina,"[112.5, 31.3]",Off T,0.04452438,"[120.0, 38.2, 3.5]"
Lautaro Javier Martínez,118,36,Argentina,"[97.6, 38.6]",Saved,0.08241133,"[117.0, 38.5, 1.1]"
Lionel Andrés Messi Cuccittini,119,27,Argentina,"[96.6, 41.6]",Blocked,0.04201436,"[97.2, 41.6]"
Enzo Fernandez,120,9,Argentina,"[97.2, 49.3]",Post,0.038940463,"[120.0, 36.0, 0.4]"
Virgil van Dijk,120,5,Netherlands,"[108.1, 40.1]",Saved,0.7835,"[119.5, 37.2, 1.2]"
Lionel Andrés Messi Cuccittini,121,3,Argentina,"[108.1, 40.1]",Goal,0.7835,"[120.0, 38.7, 0.2]"
Steven Berghuis,121,45,Netherlands,"[108.1, 40.1]",Saved,0.7835,"[119.4, 42.9, 0.9]"
Leandro Daniel Paredes,122,39,Argentina,"[108.1, 40.1]",Goal,0.7835,"[120.0, 36.6, 1.5]"
Teun Koopmeiners,123,31,Netherlands,"[108.1, 40.1]",Goal,0.7835,"[120.0, 43.7, 1.1]"
Gonzalo Ariel Montiel,124,15,Argentina,"[108.1, 40.1]",Goal,0.7835,"[120.0, 42.8, 1.4]"
Wout Weghorst,124,59,Netherlands,"[108.1, 40.1]",Goal,0.7835,"[120.0, 36.7, 0.2]"
Enzo Fernandez,126,0,Argentina,"[108.1, 40.1]",Off T,0.7835,"[120.0, 35.4, 0.5]"
Luuk de Jong,126,40,Netherlands,"[108.1, 40.1]",Goal,0.7835,"[120.0, 37.7, 0.2]"
Lautaro Javier Martínez,127,42,Argentina,"[108.1, 40.1]",Goal,0.7835,"[120.0, 36.4, 1.6]"
Matías Vecino Falero,12,38,Uruguay,"[109.5, 28.6]",Saved,0.052239094,"[117.3, 36.7, 0.5]"
Federico Santiago Valverde Dipetta,18,45,Uruguay,"[103.9, 35.4]",Off T,0.05187739,"[120.0, 43.8, 3.9]"
Ui-Jo Hwang,33,36,South Korea,"[108.9, 42.7]",Off T,0.323128,"[120.0, 38.2, 4.2]"
In-Beom Hwang,38,40,South Korea,"[89.7, 57.6]",Off T,0.007071261,"[120.0, 36.5, 4.3]"
Diego Roberto Godín Leal,42,50,Uruguay,"[110.0, 40.4]",Post,0.054689027,"[120.0, 36.0, 1.0]"
José María Giménez de Vargas,45,10,Uruguay,"[103.5, 35.9]",Off T,0.046385217,"[120.0, 50.1, 1.3]"
Min Jae Kim,52,7,South Korea,"[111.5, 46.1]",Wayward,0.046898182,"[116.9, 38.6]"
Rodrigo Bentancur Colmán,54,21,Uruguay,"[101.3, 38.3]",Blocked,0.052523207,"[103.9, 38.5]"
Federico Santiago Valverde Dipetta,68,9,Uruguay,"[90.5, 27.4]",Wayward,0.014167523,"[109.0, 78.9]"
Edinson Roberto Cavani Gómez,68,37,Uruguay,"[106.6, 47.5]",Blocked,0.03804607,"[107.6, 47.0]"
Kang-In Lee,74,42,South Korea,"[94.5, 54.2]",Blocked,0.023162797,"[95.6, 53.5]"
Gue-Sung Cho,76,51,South Korea,"[93.4, 42.0]",Off T,0.036145955,"[120.0, 46.6, 0.8]"
Darwin Gabriel Núñez Ribeiro,80,43,Uruguay,"[100.6, 28.3]",Off T,0.028178101,"[120.0, 46.3, 0.9]"
Edinson Roberto Cavani Gómez,86,56,Uruguay,"[110.5, 39.7]",Off T,0.06689449,"[120.0, 33.7, 2.1]"
Federico Santiago Valverde Dipetta,88,58,Uruguay,"[95.7, 22.6]",Post,0.012294213,"[119.9, 36.1, 2.7]"
Heung-Min Son,89,54,South Korea,"[93.8, 36.6]",Off T,0.0335565,"[120.0, 46.1, 1.0]"
In-Beom Hwang,93,6,South Korea,"[94.9, 26.7]",Off T,0.023029828,"[120.0, 31.4, 4.5]"
João Félix Sequeira,3,59,Portugal,"[106.8, 44.2]",Saved,0.0989785,"[118.1, 42.9, 1.1]"
Youssef En-Nesyri,5,56,Morocco,"[112.7, 39.4]",Off T,0.117904566,"[120.0, 38.1, 4.4]"
Raphaël Adelino José Guerreiro,12,26,Portugal,"[105.6, 23.6]",Blocked,0.019215545,"[114.0, 34.9]"
Hakim Ziyech,17,49,Morocco,"[96.1, 60.9]",Off T,0.008206696,"[120.0, 47.8, 0.2]"
Youssef En-Nesyri,25,21,Morocco,"[106.7, 39.8]",Off T,0.043849364,"[120.0, 48.7, 2.2]"
João Félix Sequeira,30,9,Portugal,"[100.9, 27.7]",Blocked,0.027014187,"[104.5, 29.9]"
Selim Amallah,34,2,Morocco,"[108.7, 31.3]",Off T,0.06053267,"[120.0, 37.0, 6.4]"
Sofiane Boufal,34,56,Morocco,"[97.0, 27.8]",Saved,0.03503226,"[117.3, 38.6, 0.5]"
João Félix Sequeira,38,46,Portugal,"[102.2, 35.4]",Off T,0.060545366,"[120.0, 36.8, 6.4]"
Youssef En-Nesyri,41,36,Morocco,"[112.6, 39.7]",Goal,0.20030825,"[120.0, 42.7, 2.3]"
Bruno Miguel Borges Fernandes,44,23,Portugal,"[108.0, 62.3]",Post,0.0067060287,"[120.0, 39.1, 2.8]"
Yahia Attiyat allah,46,58,Morocco,"[107.6, 26.3]",Off T,0.082217455,"[120.0, 35.0, 1.6]"
Azzedine Ounahi,55,0,Morocco,"[93.4, 44.2]",Off T,0.032880384,"[120.0, 48.3, 6.1]"
Gonçalo Matias Ramos,57,28,Portugal,"[108.7, 40.0]",Off T,0.10594022,"[120.0, 46.8, 1.6]"
João Félix Sequeira,60,14,Portugal,"[109.7, 29.4]",Blocked,0.026895314,"[110.4, 29.7]"
Bruno Miguel Borges Fernandes,63,4,Portugal,"[101.0, 35.5]",Off T,0.057325892,"[120.0, 37.5, 3.4]"
Bernardo Mota Veiga de Carvalho e Silva,70,44,Portugal,"[109.8, 35.9]",Wayward,0.10927713,"[114.5, 55.7]"
João Félix Sequeira,81,59,Portugal,"[102.0, 57.1]",Saved,0.025960794,"[117.4, 40.8, 2.3]"
Cristiano Ronaldo dos Santos Aveiro,90,24,Portugal,"[101.8, 53.7]",Saved,0.05699573,"[113.4, 46.4, 0.5]"
Zakaria Aboukhlal,95,20,Morocco,"[101.1, 45.9]",Saved,0.39109123,"[106.0, 44.3, 1.4]"
Kléper Laveran Lima Ferreira,96,40,Portugal,"[114.1, 44.5]",Off T,0.14926605,"[120.0, 45.2, 1.4]"
Alexis Mac Allister,4,40,Argentina,"[92.4, 30.0]",Saved,0.024542088,"[117.3, 38.3, 0.8]"
Rodrigo Javier De Paul,7,36,Argentina,"[99.2, 47.9]",Blocked,0.062813334,"[108.1, 40.4]"
Ángel Fabián Di María Hernández,16,15,Argentina,"[103.1, 34.6]",Off T,0.106800534,"[120.0, 39.6, 7.5]"
Lionel Andrés Messi Cuccittini,22,24,Argentina,"[108.0, 40.0]",Goal,0.7835,"[120.0, 41.8, 0.2]"
Alexis Mac Allister,31,35,Argentina,"[94.3, 23.5]",Wayward,0.010577817,"[112.3, 80.0]"
Ángel Fabián Di María Hernández,35,22,Argentina,"[111.8, 32.1]",Goal,0.30340916,"[120.0, 41.7, 0.5]"
Rodrigo Javier De Paul,48,49,Argentina,"[103.3, 52.3]",Saved,0.040216275,"[117.6, 41.6, 1.3]"
Julián Álvarez,58,21,Argentina,"[110.5, 24.9]",Saved,0.05953379,"[119.4, 35.8, 0.2]"
Lionel Andrés Messi Cuccittini,59,51,Argentina,"[109.7, 46.0]",Off T,0.11555985,"[120.0, 45.5, 1.5]"
Randal Kolo Muani,67,15,France,"[113.4, 34.6]",Off T,0.09618377,"[120.0, 31.5, 1.1]"
Kylian Mbappé Lottin,70,9,France,"[102.5, 27.9]",Off T,0.050644457,"[120.0, 38.8, 4.5]"
Enzo Fernandez,71,31,Argentina,"[98.9, 32.2]",Saved,0.041589838,"[117.8, 40.4, 1.7]"
Kylian Mbappé Lottin,79,24,France,"[108.0, 40.0]",Goal,0.7835,"[120.0, 37.3, 0.3]"
Kylian Mbappé Lottin,80,59,France,"[104.8, 30.1]",Goal,0.1017027,"[120.0, 41.5, 0.3]"
Enzo Fernandez,83,23,Argentina,"[92.2, 35.9]",Blocked,0.030159522,"[101.8, 38.1]"
Kylian Mbappé Lottin,92,57,France,"[95.9, 32.2]",Blocked,0.0324491,"[100.7, 33.5]"
Adrien Rabiot,93,45,France,"[108.9, 28.5]",Saved,0.09333491,"[118.0, 36.6, 0.2]"
Lionel Andrés Messi Cuccittini,96,37,Argentina,"[96.2, 40.9]",Saved,0.0430315,"[117.6, 39.3, 2.3]"
Alexis Mac Allister,92,5,Argentina,"[98.2, 23.8]",Off T,0.019259434,"[120.0, 28.0, 0.3]"
Youssouf Fofana,99,54,France,"[89.8, 39.9]",Blocked,0.023031652,"[103.3, 40.4]"
Lautaro Javier Martínez,104,28,Argentina,"[108.8, 45.3]",Blocked,0.23260574,"[110.6, 44.2]"
Gonzalo Ariel Montiel,104,30,Argentina,"[96.3, 49.4]",Blocked,0.020604363,"[112.7, 41.0]"
Lautaro Javier Martínez,105,41,Argentina,"[105.1, 33.5]",Off T,0.14029205,"[120.0, 34.9, 0.6]"
Lionel Andrés Messi Cuccittini,106,55,Argentina,"[103.6, 55.8]",Saved,0.024784861,"[119.0, 43.9, 0.2]"
Lautaro Javier Martínez,107,57,Argentina,"[114.4, 52.0]",Saved,0.10407211,"[118.7, 44.1, 1.8]"
Lionel Andrés Messi Cuccittini,107,58,Argentina,"[116.6, 43.0]",Goal,0.48840353,"[120.0, 40.9, 0.3]"
Kylian Mbappé Lottin,115,38,France,"[101.4, 26.6]",Blocked,0.03075741,"[104.5, 29.1]"
Kylian Mbappé Lottin,117,5,France,"[108.0, 40.0]",Goal,0.7835,"[120.0, 36.7, 1.1]"
Randal Kolo Muani,122,44,France,"[103.7, 45.1]",Saved,0.27751395,"[109.7, 44.1, 0.5]"
Lautaro Javier Martínez,122,59,Argentina,"[110.8, 41.6]",Off T,0.10655013,"[120.0, 46.5, 1.5]"
Kylian Mbappé Lottin,120,13,France,"[108.1, 40.1]",Goal,0.7835,"[120.0, 37.6, 1.3]"
Lionel Andrés Messi Cuccittini,121,2,Argentina,"[108.1, 40.1]",Goal,0.7835,"[120.0, 38.3, 0.2]"
Kingsley Coman,121,42,France,"[108.1, 40.1]",Saved,0.7835,"[118.8, 38.2, 0.9]"
Paulo Bruno Exequiel Dybala,122,27,Argentina,"[108.1, 40.1]",Goal,0.7835,"[120.0, 40.4, 0.2]"
Aurélien Djani Tchouaméni,123,29,France,"[108.1, 40.1]",Off T,0.7835,"[120.0, 35.6, 0.2]"
Leandro Daniel Paredes,124,16,Argentina,"[108.1, 40.1]",Goal,0.7835,"[120.0, 37.6, 0.2]"
Randal Kolo Muani,125,9,France,"[108.1, 40.1]",Goal,0.7835,"[120.0, 39.3, 1.6]"
Gonzalo Ariel Montiel,125,57,Argentina,"[108.1, 40.1]",Goal,0.7835,"[120.0, 37.9, 0.2]"
Luis Gerardo Chávez Magallón,1,9,Mexico,"[91.7, 51.5]",Off T,0.021919996,"[120.0, 46.6, 0.3]"
Saleh Khalid Al Shehri,2,8,Saudi Arabia,"[92.9, 41.7]",Saved,0.02182735,"[117.0, 41.5, 1.8]"
Ernesto Alexis Vega Rojas,2,37,Mexico,"[101.6, 38.9]",Saved,0.3665275,"[105.0, 39.5, 0.6]"
Mohammed Kanoo,7,41,Saudi Arabia,"[113.0, 54.1]",Off T,0.047937077,"[120.0, 36.8, 6.8]"
Mohammed Kanoo,12,58,Saudi Arabia,"[96.3, 33.5]",Off T,0.073429175,"[120.0, 37.0, 3.4]"
Luis Gerardo Chávez Magallón,22,21,Mexico,"[92.7, 40.4]",Saved,0.01981399,"[118.5, 39.2, 0.9]"
Orbelín Pineda Alvarado,24,27,Mexico,"[104.0, 44.6]",Saved,0.0489465,"[118.6, 38.8, 0.7]"
Orbelín Pineda Alvarado,26,25,Mexico,"[115.8, 34.5]",Wayward,0.30787364,"[116.0, 35.9]"
Luis Gerardo Chávez Magallón,34,17,Mexico,"[89.6, 28.9]",Blocked,0.016814427,"[93.2, 30.6]"
Jesús Daniel Gallardo Vasconcelos,35,8,Mexico,"[106.8, 43.3]",Off T,0.06430086,"[120.0, 48.2, 6.4]"
Luis Gerardo Chávez Magallón,40,28,Mexico,"[84.6, 49.2]",Blocked,0.0066389865,"[102.0, 44.6]"
Orbelín Pineda Alvarado,40,39,Mexico,"[102.0, 45.2]",Blocked,0.062194254,"[105.7, 44.0]"
Ernesto Alexis Vega Rojas,44,7,Mexico,"[106.1, 29.3]",Blocked,0.04950449,"[107.9, 30.9]"
Luis Gerardo Chávez Magallón,44,16,Mexico,"[92.9, 30.0]",Blocked,0.015146091,"[106.0, 36.7]"
Ali Al Hassan,50,12,Saudi Arabia,"[110.1, 45.6]",Off T,0.10154356,"[120.0, 31.7, 1.4]"
Luis Gerardo Chávez Magallón,46,12,Mexico,"[85.5, 41.2]",Saved,0.018109906,"[117.9, 37.5, 0.8]"
Hirving Rodrigo Lozano Bahena,46,17,Mexico,"[102.7, 19.2]",Blocked,0.0068189544,"[104.0, 20.7]"
Henry Josué Martín Mex,46,52,Mexico,"[116.7, 40.2]",Goal,0.28809994,"[120.0, 41.0, 0.8]"
Sultan Abdullah Salim Al Ghannam,49,14,Saudi Arabia,"[115.8, 46.7]",Off T,0.21450256,"[120.0, 45.8, 2.8]"
Luis Gerardo Chávez Magallón,51,56,Mexico,"[86.7, 41.3]",Goal,0.024289701,"[120.0, 43.2, 2.0]"
Sultan Abdullah Salim Al Ghannam,54,5,Saudi Arabia,"[114.8, 52.4]",Off T,0.030311959,"[120.0, 45.6, 3.8]"
Henry Josué Martín Mex,58,56,Mexico,"[112.0, 40.0]",Wayward,0.09122391,"[116.9, 55.8]"
Abdulelah Al Amri,61,53,Saudi Arabia,"[109.1, 45.1]",Off T,0.037819926,"[120.0, 40.1, 4.5]"
Hirving Rodrigo Lozano Bahena,66,1,Mexico,"[97.5, 31.3]",Saved,0.05300886,"[118.3, 36.4, 0.3]"
Firas Tariq Nasser Al Albirakan,66,25,Saudi Arabia,"[101.4, 25.4]",Blocked,0.013105479,"[102.3, 26.1]"
Henry Josué Martín Mex,69,31,Mexico,"[108.8, 34.9]",Off T,0.22500646,"[120.0, 37.9, 4.2]"
Luis Gerardo Chávez Magallón,72,3,Mexico,"[87.3, 40.5]",Saved,0.027150616,"[118.2, 37.5, 2.1]"
Orbelín Pineda Alvarado,75,39,Mexico,"[100.5, 32.9]",Off T,0.08600338,"[120.0, 45.9, 0.3]"
Carlos Uriel Antuna Romero,77,12,Mexico,"[109.4, 35.9]",Blocked,0.26870292,"[111.0, 36.5]"
Edson Omar Álvarez Velázquez,77,46,Mexico,"[85.8, 42.8]",Saved,0.013687578,"[118.7, 42.4, 2.0]"
Salem Mohammed Al Dawsari,80,0,Saudi Arabia,"[89.2, 40.3]",Off T,0.019886926,"[120.0, 43.6, 6.0]"
Luis Gerardo Chávez Magallón,82,14,Mexico,"[101.0, 46.0]",Blocked,0.057560198,"[107.6, 43.3]"
Rogelio Gabriel Funes Mori,88,12,Mexico,"[98.8, 37.4]",Blocked,0.06664524,"[103.1, 38.0]"
Hirving Rodrigo Lozano Bahena,91,25,Mexico,"[92.9, 31.8]",Saved,0.05359905,"[118.9, 41.7, 1.4]"
Hirving Rodrigo Lozano Bahena,93,10,Mexico,"[101.9, 28.3]",Off T,0.06253588,"[120.0, 48.3, 5.5]"
Salem Mohammed Al Dawsari,94,40,Saudi Arabia,"[110.9, 45.2]",Goal,0.51574713,"[120.0, 42.6, 1.0]"
Krystian Bielik,4,2,Poland,"[100.7, 41.3]",Blocked,0.061495427,"[107.7, 39.4]"
Lionel Andrés Messi Cuccittini,6,30,Argentina,"[99.0, 37.7]",Saved,0.050872557,"[116.7, 37.9, 0.2]"
Ángel Fabián Di María Hernández,8,53,Argentina,"[94.3, 40.5]",Blocked,0.034158513,"[103.7, 41.2]"
Lionel Andrés Messi Cuccittini,9,53,Argentina,"[111.7, 25.8]",Saved,0.053250678,"[118.9, 35.9, 1.0]"
Marcos Javier Acuña,16,9,Argentina,"[107.0, 27.9]",Off T,0.05141401,"[120.0, 43.3, 5.2]"
Kamil Glik,21,36,Poland,"[105.9, 43.5]",Wayward,0.06557972,"[115.9, 46.6]"
Julián Álvarez,27,54,Argentina,"[110.8, 47.7]",Blocked,0.1493578,"[114.7, 41.0]"
Marcos Javier Acuña,27,59,Argentina,"[102.9, 22.5]",Off T,0.024708062,"[120.0, 46.0, 1.0]"
Ángel Fabián Di María Hernández,32,17,Argentina,"[119.6, 79.2]",Saved,0.00018,"[119.5, 40.7, 2.3]"
Enzo Fernandez,34,23,Argentina,"[91.6, 39.7]",Off T,0.024548035,"[120.0, 44.7, 4.1]"
Julián Álvarez,35,10,Argentina,"[110.4, 27.6]",Saved,0.19083758,"[114.2, 32.0, 1.0]"
Lionel Andrés Messi Cuccittini,38,24,Argentina,"[108.1, 40.1]",Saved,0.7835,"[119.7, 42.8, 1.4]"
Julián Álvarez,42,9,Argentina,"[102.4, 27.0]",Saved,0.03720347,"[118.4, 38.6, 1.6]"
Rodrigo Javier De Paul,42,10,Argentina,"[112.2, 40.3]",Saved,0.3152717,"[117.8, 39.5, 1.3]"
Ángel Fabián Di María Hernández,43,16,Argentina,"[106.7, 58.4]",Saved,0.010134568,"[118.8, 43.6, 0.2]"
Alexis Mac Allister,45,53,Argentina,"[106.0, 46.7]",Goal,0.107545994,"[119.9, 35.8, 0.2]"
Kamil Glik,49,0,Poland,"[108.8, 43.5]",Off T,0.04381306,"[120.0, 34.0, 1.4]"
Michał Skóraś,52,13,Poland,"[101.1, 56.9]",Blocked,0.026707038,"[102.3, 56.0]"
Lionel Andrés Messi Cuccittini,52,42,Argentina,"[105.8, 28.4]",Wayward,0.06119443,"[120.0, 26.1]"
Lionel Andrés Messi Cuccittini,55,41,Argentina,"[109.4, 50.7]",Wayward,0.058334265,"[109.4, 44.3]"
Julián Álvarez,55,42,Argentina,"[107.7, 41.5]",Blocked,0.15200824,"[110.4, 41.4]"
Alexis Mac Allister,60,38,Argentina,"[106.0, 46.0]",Saved,0.13009955,"[118.0, 42.0, 0.3]"
Lionel Andrés Messi Cuccittini,63,23,Argentina,"[107.2, 25.9]",Blocked,0.023947677,"[108.1, 26.7]"
Julián Álvarez,66,57,Argentina,"[106.0, 33.5]",Goal,0.10054177,"[120.0, 43.3, 2.2]"
Lionel Andrés Messi Cuccittini,70,36,Argentina,"[106.5, 35.1]",Saved,0.13232325,"[117.4, 38.7, 0.3]"
Julián Álvarez,72,44,Argentina,"[106.1, 52.6]",Off T,0.18145993,"[120.0, 44.7, 2.2]"
Lautaro Javier Martínez,85,2,Argentina,"[109.4, 52.2]",Off T,0.17955275,"[120.0, 32.9, 0.2]"
Nicolás Alejandro Tagliafico,91,58,Argentina,"[108.2, 30.2]",Saved,0.22421487,"[111.3, 33.0, 1.3]"
Ousmane Dembélé,5,21,France,"[97.8, 38.0]",Blocked,0.04759094,"[99.3, 38.3]"
Adrien Rabiot,9,9,France,"[115.0, 45.6]",Blocked,0.10936305,"[115.9, 44.9]"
Raphaël Varane,12,34,France,"[112.4, 46.9]",Wayward,0.0425816,"[115.7, 40.0]"
Olivier Giroud,14,53,France,"[111.9, 38.9]",Wayward,0.11903284,"[120.0, 23.0]"
Adrien Rabiot,20,18,France,"[108.9, 44.3]",Saved,0.04225832,"[118.6, 40.4, 1.8]"
Jules Koundé,29,53,France,"[109.0, 56.2]",Blocked,0.02881258,"[116.3, 43.0]"
Antoine Griezmann,32,48,France,"[118.2, 23.1]",Saved,0.010852635,"[119.4, 35.4, 0.2]"
Aurélien Djani Tchouaméni,32,52,France,"[99.7, 39.1]",Blocked,0.054124165,"[101.3, 39.3]"
Ousmane Dembélé,32,55,France,"[108.2, 48.0]",Blocked,0.046849832,"[108.8, 47.6]"
Adrien Rabiot,33,36,France,"[100.1, 24.5]",Blocked,0.02230111,"[102.4, 26.2]"
Andreas Evald Cornelius,35,17,Denmark,"[107.4, 55.8]",Off T,0.048269883,"[120.0, 45.4, 1.3]"
Olivier Giroud,36,33,France,"[108.6, 45.2]",Off T,0.045027424,"[120.0, 46.1, 0.8]"
Kylian Mbappé Lottin,39,33,France,"[106.0, 43.8]",Off T,0.18605462,"[120.0, 40.0, 5.0]"
Christian Dannemann Eriksen,44,43,Denmark,"[83.0, 42.5]",Off T,0.006951803,"[120.0, 32.1, 0.4]"
Kylian Mbappé Lottin,47,25,France,"[98.6, 18.5]",Blocked,0.011081066,"[109.8, 32.8]"
Kylian Mbappé Lottin,55,59,France,"[104.1, 30.1]",Saved,0.03630777,"[117.8, 36.7, 2.1]"
Antoine Griezmann,59,2,France,"[102.6, 38.8]",Off T,0.21733604,"[120.0, 38.1, 5.8]"
Kylian Mbappé Lottin,60,25,France,"[110.8, 31.3]",Goal,0.08505598,"[120.0, 40.1, 0.8]"
Joachim Andersen,67,14,Denmark,"[112.2, 43.9]",Wayward,0.082872435,"[114.1, 36.9]"
Andreas Christensen,67,15,Denmark,"[113.0, 37.6]",Goal,0.25384808,"[120.0, 38.6, 1.7]"
Jesper Lindstrøm,72,21,Denmark,"[107.4, 33.0]",Saved,0.18929456,"[117.9, 38.3, 1.3]"
Christian Dannemann Eriksen,73,18,Denmark,"[93.3, 45.1]",Blocked,0.0264413,"[98.3, 44.5]"
Aurélien Djani Tchouaméni,77,38,France,"[113.7, 37.7]",Blocked,0.22405402,"[115.2, 37.8]"
Jules Koundé,78,21,France,"[110.7, 40.7]",Off T,0.106879756,"[120.0, 46.6, 0.9]"
Adrien Rabiot,79,3,France,"[112.7, 47.3]",Off T,0.080693014,"[120.0, 43.6, 4.7]"
Martin Braithwaite Christensen,80,16,Denmark,"[110.0, 45.1]",Post,0.23786028,"[120.0, 44.0, 1.3]"
Pierre-Emile Højbjerg,83,58,Denmark,"[87.2, 48.7]",Off T,0.015153575,"[120.0, 32.6, 0.2]"
Kylian Mbappé Lottin,85,9,France,"[117.8, 36.5]",Goal,0.38353118,"[120.0, 37.3, 1.3]"
Joachim Andersen,88,18,Denmark,"[94.3, 53.4]",Blocked,0.014218964,"[95.7, 52.6]"
Kylian Mbappé Lottin,90,18,France,"[99.4, 25.5]",Saved,0.033781487,"[117.7, 37.1, 0.6]"
Joakim Mæhle,96,37,Denmark,"[87.5, 42.4]",Off T,0.013632962,"[120.0, 40.2, 5.4]"
César Jasib Montes Castro,9,14,Mexico,"[107.6, 38.6]",Off T,0.0988946,"[120.0, 49.2, 0.8]"
Lautaro Javier Martínez,39,59,Argentina,"[112.7, 39.5]",Off T,0.13799548,"[120.0, 47.9, 3.8]"
Ernesto Alexis Vega Rojas,44,17,Mexico,"[92.4, 35.8]",Saved,0.05948228,"[118.3, 37.2, 1.6]"
Ernesto Alexis Vega Rojas,49,14,Mexico,"[92.8, 23.0]",Off T,0.0077116457,"[120.0, 44.9, 5.2]"
Hirving Rodrigo Lozano Bahena,47,14,Mexico,"[93.5, 36.8]",Blocked,0.040303126,"[95.0, 36.9]"
Lionel Andrés Messi Cuccittini,50,59,Argentina,"[94.8, 41.9]",Off T,0.067327775,"[120.0, 41.6, 4.2]"
Lionel Andrés Messi Cuccittini,63,32,Argentina,"[94.9, 37.4]",Goal,0.033919714,"[120.0, 43.7, 0.2]"
Nahuel Molina Lucero,69,39,Argentina,"[101.5, 49.2]",Off T,0.050896797,"[120.0, 43.7, 4.5]"
Enzo Fernandez,86,39,Argentina,"[106.5, 22.8]",Goal,0.035064373,"[120.0, 43.1, 2.0]"
Silvan Widmer,5,47,Switzerland,"[114.9, 30.0]",Off T,0.05117428,"[120.0, 32.4, 4.7]"
Vinícius José Paixão de Oliveira Júnior,26,41,Brazil,"[112.1, 34.0]",Saved,0.21638125,"[119.2, 36.7, 1.3]"
Carlos Henrique Casimiro,27,17,Brazil,"[94.3, 39.7]",Wayward,0.023129713,"[110.7, 46.4]"
Raphael Dias Belloli,30,19,Brazil,"[90.1, 46.2]",Saved,0.02201561,"[118.7, 40.9, 1.2]"
Richarlison de Andrade,31,27,Brazil,"[104.2, 41.2]",Blocked,0.022230485,"[104.9, 41.2]"
Éder Gabriel Militão,36,51,Brazil,"[93.2, 45.0]",Blocked,0.02857021,"[99.0, 44.2]"
Thiago Emiliano da Silva,43,40,Brazil,"[115.0, 43.5]",Blocked,0.14148508,"[115.6, 43.3]"
Djibril Sow,52,37,Switzerland,"[112.6, 48.8]",Blocked,0.087867536,"[113.4, 48.2]"
Ruben Vargas,53,31,Switzerland,"[104.3, 26.2]",Blocked,0.029704679,"[105.6, 27.2]"
Manuel Obafemi Akanji,54,10,Switzerland,"[103.5, 43.9]",Wayward,0.028123023,"[114.0, 45.1]"
Djibril Sow,59,39,Switzerland,"[99.4, 37.0]",Blocked,0.0625126,"[103.0, 38.3]"
Edimilson Fernandes,59,54,Switzerland,"[97.4, 42.8]",Blocked,0.029247057,"[99.1, 42.8]"
Marcos Aoás Corrêa,69,40,Brazil,"[110.6, 37.4]",Wayward,0.07814184,"[120.0, 58.6]"
Richarlison de Andrade,71,4,Brazil,"[107.0, 26.5]",Blocked,0.038312852,"[107.8, 27.3]"
Bruno Guimarães Rodriguez Moura,80,58,Brazil,"[102.2, 47.4]",Saved,0.021188514,"[118.3, 41.0, 0.3]"
Carlos Henrique Casimiro,82,15,Brazil,"[106.3, 29.4]",Goal,0.068805926,"[120.0, 43.1, 1.4]"
Rodrygo Silva de Goes,86,25,Brazil,"[109.7, 25.4]",Saved,0.04824855,"[118.2, 36.4, 2.3]"
Antony Matheus dos Santos,86,51,Brazil,"[102.1, 56.6]",Off T,0.020722246,"[120.0, 33.4, 1.6]"
Rodrygo Silva de Goes,93,27,Brazil,"[105.8, 41.8]",Blocked,0.19349767,"[108.0, 41.4]"
